{
    "Placedesc":[
        {
            "id": 1,
            "name": "Udaipur, Rajasthan",
            "category": "Rajasthan",
            "content": "Udaipur, also known as the City of Lakes, is one of the most visited tourist places in Rajasthan. Located around stunning water lakes and enveloped by the Aravalli Hills in all directions, Udaipur is known for its azure lakes, magnificent palaces, vibrant culture and delectable food. Along with being a must-visit destination, it is also one of the best places to experience luxury in India.",
            "visit": "Lake Pichola, City palace of Udaipur, Bagore Ki Haveli Museum, Sajjangarh Palace, Jag Mandir Palace",
            "img1": "/photoset2/Udaipur.jpg",
            "img2": "",
            "img3": "",
            "img4": ""
        },
        {
            "id": 2,
            "name": "Jaipur, Rajasthan",
            "category": "Rajasthan",
            "content": "Also called the Pink City, Jaipur is the capital of the royal state of Rajasthan. Along with Delhi and Agra, Jaipur forms the Golden Triangle and hails as one of the most famous tourist circuits in the country.",
            "visit": "Amber Palace, Hawa Mahal, Jantar Mantar, Nahargarh Fort, Birla Temple, Jaigarh Fort",
            "img1": "/photoset2/Jaipur.jpg",
            "img2": "",
            "img3": "",
            "img4": ""
        },
        {
            "id": 3,
            "name": "Jaisalmer, Rajasthan",
            "category": "Rajasthan",
            "content": "Jaisalmer is a prominent tourist spot located in the northwestern state of Rajasthan in India. It is known as the \"golden city\" due to its golden dunes and castles clad in golden honey sandstone. Jaisalmer is adorned with lakes, ornate Jain temples and havelis. Climb onto the camel saddle and make your way through this desert to camp under the starry night sky for an unforgettable experience",
            "visit": "Jaisalmer Fort, Longewala war memorial, Bada Bagh, Kuldhara, Gadisar Lake",
            "img1": "/photoset2/Jaisalmer.jpg",
            "img2": "",
            "img3": "",
            "img4": ""
        },
        {
            "id": 4,
            "name": "Shimla, Himachal Pradesh",
            "category": "Himachal Pradesh",
            "content": "Shimla is the capital of Himachal Pradesh and a popular hill-station among Indian families and honeymooners. Situated at the height of 2200m, Shimla was the summer capital of British India. Shimla still retains its old-world charm with beautiful colonial architecture, pedestrian-friendly Mall road and the ridge lined up with multiple shops, cafes and restaurants.",
            "visit": "Viceregal lodge, The Glen, Lakkar Bazaar, Kufri, Green Valley, The Ridge",
            "img1": "/photoset2/Shimla.jpg",
            "img2": "",
            "img3": "",
            "img4": ""
        },
        {
            "id": 5,
            "name": "Manali, Himachal Pradesh",
            "category": "Himachal Pradesh",
            "content": "Manali is a town, near Kullu town in Kullu district in the Indian state of Himachal Pradesh. It is situated in the northern end of the Kullu Valley, formed by the Beas River.",
            "visit": "Solang Valley, Bhrigu Lake, Naggar Castle, Chanderkhani Pass",
            "img1": "/photoset2/Manali.jpg",
            "img2": "",
            "img3": "",
            "img4": ""
        },
        {
            "id": 6,
            "name": "Srinagar, Jammu and Kashmir",
            "category": "Jammu and Kashmir",
            "content": "The quintessential hill station of Srinagar lies on the banks of Jhelum, a tributary of the river Indus, and Dal and Anchar lakes. Being one of the most popular tourist destinations in the country, Srinagar is visited by a swarm of travelers every year and the Srinagar tour packages facilitate them to enjoy tourist attractions, tasty food, and a good shopping experience at pocket-friendly rates",
            "visit": "Dal Lake, Shankaracharya Hill, Indira Gandhi Tulip Garden, Sonamarg, Nigeen Lake, Betab Valley",
            "img1": "/photoset2/Srinagar.jpg",
            "img2": "",
            "img3": "",
            "img4": ""
        },
        {
            "id": 7,
            "name": "Leh, Jammu and Kashmir",
            "category": "Jammu and Kashmir",
            "content": "Leh is the joint capital and largest city of the union territory of Ladakh in India. Leh, located in the Leh district, was also the historical capital of the Kingdom of Ladakh, the seat of which was in the Leh Palace, the former residence of the royal family of Ladakh, built in the same style and about the same time as the Potala Palace in Tibet",
            "visit": "Pangong Tso, Thiksey Monastrey, Shanti Stupa, Magnetic Hill, Tanglang La, Spituk Monastery, Sand Dunes Leisure Park",
            "img1": "/photoset2/Leh.jpg",
            "img2": "",
            "img3": "",
            "img4": ""
        },
        {
            "id": 8,
            "name": "Gulmarg, Jammu and Kashmir",
            "category": "Jammu and Kashmir",
            "content": "Situated at an altitude of 2730 m above sea level, Gulmarg is a popular skiing destination located in Pir Panjal Range of Union territory of Jammu and Kashmir. Surrounded by snow-covered lofty Himalayas, meadows of flowers, deep ravines, evergreen forested valleys, Gulmarg also has the worlds second highest Gondola ride.",
            "visit": "Gulmarg Gondola, Apharwat peak, Ningle Nallah, Alpather Lake, Rani Temple Kongdori, Gulmarg Backcountry",
            "img1": "/photoset2/Gulmarg.jpg",
            "img2": "",
            "img3": "",
            "img4": ""
        },
        {
            "id": 9,
            "name": "Amritsar, Punjab",
            "category": "Punjab",
            "content": "The city known for legends, patriotism, and spirituality, Amritsar is found listed at the top when anyone talks about the religious places to visit in Punjab. Home to the Golden temple, or Sri Harmandir Sahib, this is among the most significant pilgrimage site for Sikhs. The narrow lanes of Amritsar are arrayed with shops selling colorful juttis, suits and more. A foodie cannot have enough of Amritsari Kulche, Butter Chicken, Lassi  the list is long!",
            "visit": "Golden Temple, Jallianwala Bagh, Akal Takht, Maharaja Ranjit Singh Statue, Gobindgarh Fort, Tarn Taran Sahib, The Partition Museum",
            "img1": "/photoset2/Amritsar.jpg",
            "img2": "",
            "img3": "",
            "img4": ""
        },
        {
            "id": 10,
            "name": "Jalandhar, Punjab",
            "category": "Punjab",
            "content": "Flaunting the culture of Punjab, Jalandhar is a name that can never be forgotten in a list of best places to visit in Punjab. This is an ancient city, holding special significance for not just Sikhs but also Hindus as it is home to many holy shrines. From street shopping to popping tags in showrooms, Jalandhar has so much on offer.",
            "visit": "Pushpa Gujral Science City, Shaheed-E-Azam Museum, Devi Talab Mandir Temple, Wonderland Theme Park, Jang-E-Azadi Memorial",
            "img1": "/photoset2/Jalandhar.jpg",
            "img2": "",
            "img3": "",
            "img4":""
        },
        {
            "id": 11,
            "name": "Chandigarh, Punjab",
            "category": "Punjab",
            "content": "Capital of Punjab, Chandigarh is counted among the metro cities of India and among the top places to visit in Punjab. This welcoming city will greet you with the flavors of everything between modernity and antiquity. Chandigarh also is one of the cleanest cities in the country, where one can spend time shopping in the mall, lounging at a cafe or unwinding by a lake or garden.",
            "visit": "Rock Garden, Sukhna Lake, Zakir Hussain Rose Garden, International Dolls Museum, Pinjore Garden",
            "img1": "/photoset2/Chandigarh.jpg",
            "img2": "",
            "img3": "",
            "img4": ""
        },
        {
            "id": 12,
            "name": "Mumbai, Maharashtra",
            "category": "Maharashtra",
            "content": "Mumbai, the capital city of the Indian state of Maharashtra, is a spectacular paradox of chaos and hope, glamour and squalor, modernity and tradition. Famously known as the City of Dreams, Mumbai – formerly known as Bombay - Mumbai is a beautifully blended melting pot of cultures and lifestyles",
            "visit": "Elephanta caves, Marine Drive, Juhu beach, Gateway of India, Film City, Mumbai Zoo, Essel World",
            "img1": "/photoset2/Mumbai.jpg",
            "img2": "",
            "img3": "",
            "img4": ""
        },
        {
            "id": 13,
            "name": "Mahabaleshwar, Maharashtra",
            "category": "Maharashtra",
            "content": "Mahabaleshwar is a hill station located in the Western Ghats, in Satara district of Maharashtra. Apart from its strawberries, Mahabaleshwar is also well known for its numerous rivers, magnificent cascades and majestic peaks. It is among the most sought after weekend getaways from Pune & Mumbai, located about 120km south-west of Pune and 285km from Mumbai.",
            "visit": "Elephants head point, Dhobi waterfall, Arthurs seat, Venna Lake, Wilson Point, Chinamans Waterfall, Mahabaleshwar Temple",
            "img1": "/photoset2/Mahabaleshwar.jpg",
            "img2": "",
            "img3": "",
            "img4": ""
        },
        {
            "id": 14,
            "name": "Aurangabad, Maharashtra",
            "category": "Maharashtra",
            "content": "Aurangabad, which was declared by the Government as the Tourism Capital of Maharashtra back in 2010, is a famous tourist hub which greets its visitors with a richly woven tapestry of sights and sounds. The city got its name for being the erstwhile capital of Mughal Emperor Aurangzeb in the 17th century AD. The town is used as the base to explore the extremely famous caves of Ajanta and Ellora, Daulatabad Fort which is renowned for its strong defence systems,",
            "visit": "Grishneshwar Temple, Bibi ka Maqbara, Ajanta Caves, Ellora Caves, Daulatabad fort, Siddhartha Garden",
            "img1": "/photoset2/Aurangabad.jpg",
            "img2": "",
            "img3": "",
            "img4": ""
        },
        {
            "id": 15,
            "name": "Khajuraho, Madhya Pradesh",
            "category": "Madhya Pradesh",
            "content": "Khajuraho, a UNESCO World Heritage Site located in Madhya Pradesh, is known around the world for its stunning temples adorned by erotic and sensuous carvings. A small town located in the Bundelkhand region, Khajuraho is a brilliant example of Indian architecture and its culture back in the medieval period.",
            "visit": "Dulhadev Temple, Light and Sound show, Vishwanath temple, Raneh Falls",
            "img1": "/photoset2/Khajuraho.jpg",
            "img2": "",
            "img3": "",
            "img4": ""
        },
        {
            "id": 16,
            "name": "Gwalior, Madhya Pradesh",
            "category": "Madhya Pradesh",
            "content": "Gwalior is a historic city located in the state of Madhya Pradesh. Popular because of the hilltop fort, Gwalior is full of palaces and glorious temples giving this city a majestic charm which speaks volumes of its glorious past.",
            "visit": "Gwalior Fort, Jai Vilas Palace, Gujari Mahal, Tomb of Tansen, Gwalior Zoo, Sun Temple",
            "img1": "/photoset2/Gwalior.jpg",
            "img2": "",
            "img3": "",
            "img4": ""
        },
        {
            "id": 17,
            "name": "Agra, Uttar Pradesh",
            "category": "Uttar Pradesh",
            "content": "Located on the banks of River Yamuna in Uttar Pradesh, Agra is a popular tourist destination as it is home to one of the 7 wonders of the world, the Taj mahal. It is a sneak peek into the architectural history and legacy of the Mughal empire with two other UNESCO World Heritage Sites Agra Fort and Fatehpur Sikri.",
            "visit": "Taj Mahal, Agra Fort, Fatehpur Sikri, Mehtab Bagh, Akbars Tomb, Jama Masjid, Jhangir Mahal",
            "img1": "/photoset2/Agra.jpg",
            "img2": "",
            "img3": "",
            "img4": ""
        },
        {
            "id": 18,
            "name": "Lucknow, Uttar Pradesh",
            "category": "Uttar Pradesh",
            "content": "The capital and the largest city of Uttar Pradesh, Lucknow, situated on the banks of river Gomti, welcomes you with a heartwarming note of 'Muskuraiyein, kyunki aap Lucknow mein hai'. A city of kebabs and nawabs, of architecture and history, of literature and culture  that is Lucknow in a nutshell for you.",
            "visit": "Bara Imambara, Chhota Imambara, British Residency, Rumi Darwaza, Ambedkar Memorial Park, Wales Zoological Gardens, Indira Gandhi Planetarium",
            "img1": "/photoset2/Lucknow.jpg",
            "img2": "",
            "img3": "",
            "img4": ""
        },
        {
            "id": 19,
            "name": "Mathura, Uttar Pradesh",
            "category": "Uttar Pradesh",
            "content": "One of Hinduisms seven sacred cities, Mathura is the birthplace of the very beloved Lord Krishna. Located in the state of Uttar Pradesh, Mathura and Vrindavan are often considered twin cities located only 10km away from each other. Mathura is a small town dotted with temples from various ages and attracts a horde of pilgrims from all over the world.",
            "visit": "Shri Krishna Janmasthan Temple, Dwarkadhish Temple, Birla Mandir, Govardhan Hill, Kusum Sarovar, Vishram Ghat",
            "img1": "/photoset2/Mathura.jpg",
            "img2": "",
            "img3": "",
            "img4": ""
        },
        {
            "id": 20,
            "name": "Raipur, Chattisgarh",
            "category": "Chattisgarh",
            "content": "The capital of Chhattisgarh, Raipur is the largest city in the state. With more than hundreds of steel mills and six steel plants, Raipur is also one of the largest industrial centres of the country. Besides steel, it is also home to the aluminium and coal industries. A primary business and industrial hub",
            "visit": "Ghatarani Waterfalls, Nandan Van Zoo, Purkhauti Muktangan, Swami Vivekanand Sarovar, Gandhi Udyan Park, MM Fun City",
            "img1": "/photoset2/Raipur.jpg",
            "img2": "",
            "img3": "",
            "img4": ""
        },
        {
            "id": 21,
            "name": "Jagdalpur, Chattisgarh",
            "category": "Chattisgarh",
            "content": "Jagdalpur is a beautiful and naturally bountiful city in the Bastar district of Chhattisgarh and is one of the most popular tourist destinations in the state after Raipur and Bhilai. It is well connected to the state capital and to other nearby cities and is relatively unknown among tourists outside the state.",
            "visit": "Chitrakote, Tirathgarh waterfall, Dalpat Sagar, Kanger Valley National Park, Kailash and Kutumsar caves, Bastar palace, Chitradhara fall",
            "img1": "/photoset2/Jagdalpur.jpg",
            "img2": "",
            "img3": "",
            "img4": ""
        },
        {
            "id": 22,
            "name": "Shillong, Meghalaya",
            "category": "Meghalaya",
            "content": "A beautiful city encircled by pine trees, Shillong is the capital of Meghalaya. It derives its name from Lei Shyllong, an idol worshipped at the Shillong Peak. Standing as tall as 1496 meters, this hill station is known for its weather, picturesque locations and traditions. This place is also known as the Scotland of the East.",
            "visit": "Elephant Falls, Shillong Peak, Umiam Lake, Laitlum Canyons, Wards Lake, Mawlynnong",
            "img1": "/photoset2/Shillong.jpg",
            "img2": "",
            "img3": "",
            "img4": ""
        },
        {
            "id": 23,
            "name": "Cherrapunji, Meghalaya",
            "category": "Meghalaya",
            "content": "Earlier the wettest place on the Earth, Cherrapunji in Meghalaya, also known as Sohra, is known for its double-decker living root bridge. Located around 50 Kms from Shillong, this sub-divisional town is famous for its rich flora and natural attractions.",
            "visit": "Double Decker Living Root Bridge, Dawki, Nohkalikai falls, Mawsmai Cave, The Mawkdok Dympep Valley",
            "img1": "/photoset2/Cherrapunji.jpg",
            "img2": "",
            "img3": "",
            "img4": ""
        },
        {
            "id": 24,
            "name": "Ahmedabad, Gujrat",
            "category": "Gujrat",
            "content": "A rapidly growing metropolis, an industrial hub, an educational hotspot, and a city with a magnificent past  Ahmedabad is one of the most important cities in Gujarat. Located on the banks of the Sabarmati River, Ahmedabad is the former capital of Gujarat, and its delicious food, colourful culture is making it a fast-growing tourist destination. The historic city of Ahmedabad or the old part of the city was declared as the UNESCO World Heritage Site.",
            "visit": "Sabarmati Riverfront, Dada Hari Wav, Statue of Unity, Shri Swaminarayan Temple, Sabarmati Ashram, Rani Ki Vav, Bhadra Fort",
            "img1": "/photoset2/Ahmedabad.jpg",
            "img2": "",
            "img3": "",
            "img4": ""
        },
        {
            "id": 25,
            "name": "Kutch, Gujrat",
            "category": "Gujrat",
            "content": "Virtually an island that resembles the shape of a tortoise, Kutch is an erstwhile princely state of India holding onto its grandeur nature from the past. Kutch is probably one of the most beautiful, yet surreal places in India with the vast expanses of the white salt desert.",
            "visit": "Rann of Kutch, Kutch Desert Wildlife Sanctuary, Dholavira, Kutch Museum, Mandvi beach, Indian Wild Ass Sanctuary, Vijay Vilas Palace",
            "img1": "/photoset2/Kutch.jpg",
            "img2": "",
            "img3": "",
            "img4": ""
        },
        {
            "id": 26,
            "name": "Vadodara, Gujrat",
            "category": "Gujrat",
            "content": "Vadodara or Baroda is a cosmopolitan city located in Gujarat. Home to some of the most exemplary displays of architecture, Vadodara is a fitting memorial to Maratha leader Sayaji Rao Gaekwad III who had envisioned a dream to make this Big City an educational, industrial and commercial centre.",
            "visit": "Laxmi Vilas Palace, Sayaji Gardens, Ajwa Nimeta Garden, Vadodara Museum, Vadodara Museum, Kirti Mandir, Zarwani Waterfalls",
            "img1": "/photoset2/Vadodara.jpg",
            "img2": "",
            "img3": "",
            "img4": ""
        },
        {
            "id": 27,
            "name": "BodhGaya, Bihar",
            "category": "Bihar",
            "content": "Bodh Gaya is a Buddhist pilgrimage site in Gaya District of Bihar. Famous for the Mahabodhi Temple, It was here under the Bodhi tree that Gautama Buddha attained enlightenment. It is now one of the UNESCO World Heritage Sites",
            "visit": "Mahabodhi Temple, Great Buddha Statue, Tibetan Refugee Market, Bodhi Tree, Thai Monastery",
            "img1": "/photoset2/BodhGaya.jpg",
            "img2": "",
            "img3": "",
            "img4": ""
        },
        {
            "id": 28,
            "name": "Nalanda, Bihar",
            "category": "Bihar",
            "content": "The most popular Mahavihara of the ancient times, a significant Buddhist seat of academic excellence and a modest pilgrim center, all wrapped in a wisp of spirituality, Nalanda continues to be an equally enriching location in the present. It offers vibrant substance of spirituality, history, culture",
            "visit": "Nalanda University, Hiuen Tsang Memorial Hall, The Great Stupa, Pawapuri, Kundalpur",
            "img1": "/photoset2/Nalanda.jpg",
            "img2": "",
            "img3": "",
            "img4": ""
        },
        {
            "id": 29,
            "name": "Bhubaneshwar, Odisha",
            "category": "Odisha",
            "content": "Known as the Temple City of India, Bhubaneswar is among the best tourist places to visit in Odisha. It is a classic example of history, heritage, and urbanization. The place has marvellous temples showcasing amazing artwork, wildlife sanctuaries, and exhilarating caves.",
            "visit": "Dhauli Hills, Udayagiri & Khandagiri caves, Ratnagiri Buddhist Excavations, Bindu Sarovara, Nandan Kanan Zoological Park, Satkosia Tiger Reserve",
            "img1": "/photoset2/Bhubaneshwar.jpg",
            "img2": "",
            "img3": "",
            "img4": ""
        },
        {
            "id": 30,
            "name": "Konark, Odisha",
            "category": "Odisha",
            "content": "Konark is a hub of ancient art and sculpture and the best Odisha destinations. The carvings of the Konark Sun Temple, one of the seven wonders of the world attract large flocks of tourists throughout the year. Along with the marvellous temples, the city has a serene beach and an engrossing archaeological museum to explore. Discovering the finest artwork & sculptures of the Konark Sun Temple is surely one of the primary reasons to visit Odisha, especially for art lovers.",
            "visit": "Archeological Museum, the temple of Sun God & Ramchandi, Chandrabhaga Beach",
            "img1": "/photoset2/Konark.jpg",
            "img2": "",
            "img3": "",
            "img4": ""
        },
        {
            "id": 31,
            "name": "Puri, Odisha",
            "category": "Odisha",
            "content": "If you are planning to visit Odisha for a relaxing vacation by the sea, Puri is the place to be. Ranked among the top tourist places in Odisha, you can explore the temples in Puri, the sun-kissed beaches, and local bustling markets that tempt tourists round the year. It is also among the original Char Dhams that hold significance in the Hindu religion.",
            "visit": "Puri Beach, Puri Beach Festival, Puri Jagannath temple, Chilika Lake & Bird Sanctuary, Gundicha Ghar Temple",
            "img1": "/photoset2/Puri.jpg",
            "img2": "",
            "img3": "",
            "img4": ""
        },
        {
            "id": 32,
            "name": "Tawang, Arunachal Pradesh",
            "category": "Arunachal Pradesh",
            "content": "Located at a height of about 3048m, is known for many important and beautiful monasteries and is famous for being the birthplace of the 6th Dalai Lama, Tsangyang Gyatso. The beautiful town of Tawang, also pronounced as Dawang has many sceneries to make your trip a picturesque one.",
            "visit": "Sela Pass , Tawang Monastery , Madhuri Lake , Nuranang Falls , Tawang War Memorial , Gorichen Peak",
            "img1": "/photoset2/Tawang.jpg",
            "img2": "",
            "img3": "",
            "img4": ""
        },
        {
            "id": 33,
            "name": "Itanagar, Arunachal Pradesh",
            "category": "Arunachal Pradesh",
            "content": "With the snow-capped Himalayas towering on the northern end and the fertile Brahmaputra river plains on the southern, Itanagar is a natural paradise. Recently opened to tourists by the government, the heritage and tribal culture of the city, which is decades and centuries old, is still intact.",
            "visit": "Ganga Lake , Ita Fort , Namdapha National Park , Gompa Buddhist Temple , Itanagar Wild Life Sanctuary",
            "img1": "/photoset2/Itanagar.jpg",
            "img2": "",
            "img3": "",
            "img4": ""
        },
        {
            "id": 34,
            "name": "Agartala, Tripura",
            "category": "Tripura",
            "content": "Home to the Manikya Kings in the past, Agartala is the perfect mix of natural beauty combined with diverse and rich culture. Agartala is not just all flowers and valleys but also has a cultural richness with the diversity of people that stay here along with the historical and religious monuments.",
            "visit": "Ujjayanta Palace , Neermahal , Jagannath temple , Jampui hills , Sepahijala Wildlife Sanctuary , Buddha Temple",
            "img1": "/photoset2/Agartala.jpg",
            "img2": "",
            "img3": "",
            "img4": ""
        },
        {
            "id": 35,
            "name": "Kailashahar, Arunachal Pradesh",
            "category": "Arunachal Pradesh",
            "content": "A well-liked tourist town near Agartala, Kailashahar was once the capital of the Tripuran kingdom, and evidence of its royal history can be still seen here. It is a town that gets a major part of its identity from a royal and significant past.",
            "visit": "Lakhi Narayan Bari , Chouddo Devotar Mandir , Tea estates , Unokotiswara Kal Bhairava",
            "img1": "/photoset2/Kailashahar.jpg",
            "img2": "",
            "img3": "",
            "img4": ""
        },
        {
            "id": 36,
            "name": "Imphal, Manipur",
            "category": "Manipur",
            "content": "Imphal has an untouched charm surrounding its natural beauty, sceneries, and landscapes as well as a significant history leaving hints of the past around the city. The lush green landscapes, beautiful surroundings, unexplored territories, and undulating rivers of Imphal make for a great tourist destination.",
            "visit": "Loktak Lake and Sendra Island , Kangla Fort , Thaeuluan Cave , Shaheed Minar , Keibul Lamjao National Park",
            "img1": "/photoset2/Imphal.jpg",
            "img2": "",
            "img3": "",
            "img4": ""
        },
        {
            "id": 37,
            "name": "Gurgaon, Haryana",
            "category": "Haryana",
            "content": "Once little more than a dull and comparatively unknown suburb of the national capital region, today, Gurgaon is not only one of the most urbanized cities of India, but it also boasts of a skyline that can easily rival those of Hong Kong and Singapore. Easily accessible from Delhi and Noida, Gurgaon is fast becoming a popular travel destination among holidaymakers",
            "visit": "Damdama Lake , Cyber Hub , Manesar , Sohna , Vintage Car Museum , Sultanpur Bird Sanctuary",
            "img1": "/photoset2/Gurgoan.jpg",
            "img2": "",
            "img3": "",
            "img4": ""
        },
        {
            "id": 38,
            "name": "Panipat, Haryana",
            "category": "Haryana",
            "content": "Located at a distance of 90 km from Delhi, Panipat is known for the three historical battles that were fought here. Innumerable monuments, forts, temples, and its magnificent historical connections make Panipat in Haryana an interesting tourist destination. Also known as City of Weavers, and Textile City, this is an important city for textile production.",
            "visit": "Tomb of Bu-Ali Shah Kalandar , Kabuli Bagh Mosque , Devi Temple , Kala Amb , Panipat Museum",
            "img1": "/photoset2/Panipat.jpg",
            "img2": "",
            "img3": "",
            "img4": ""
        },
        {
            "id": 39,
            "name": "Vishakhapatnam, Andhra Pradesh",
            "category": "Andhra Pradesh",
            "content": "Visakhapatnam, also commonly known as Vizag, is one of the oldest port cities in the country. Situated in the heart of Andhra Pradesh the city is known for its picturesque beaches and serene landscape, as well as a rich cultural past. The port of Visakhapatnam is renowned for being home to the oldest shipyard in all of India.",
            "visit": "Submarine Museum , Yarada Beach , RK beach , Kailasagiri , Dolphin Nose , Indira Gandhi Zoological Park",
            "img1": "/photoset1/Vishakhapatnam.jpg",
            "img2": "",
            "img3": "",
            "img4": ""
        },
        {
            "id": 40,
            "name": "Tirupati, Andhra Pradesh",
            "category": "Andhra Pradesh",
            "content": "Tirupati is a city in Andhra Pradesh, India, that is famous for its Hindu temples, especially the Tirumala Venkateswara Temple. It is also known as the “Spiritual Capital of Andhra Pradesh”. Tirupati attracts millions of pilgrims and tourists every year who come to worship Lord Venkateswara and enjoy the natural beauty of the region.",
            "visit": "TTD temple, zoo park",
            "img1": "/photoset1/Tirupati.jpg",
            "img2": "",
            "img3": "",
            "img4": ""
        },
        {
            "id": 41,
            "name": "Araku, Andhra Pradesh",
            "category": "Andhra Pradesh",
            "content": "Araku Valley is a comparatively unexplored hill station mostly visited by locals as a weekend getaway and is situated some 120 kilometres away from Vishakhapatnam. If you are a tourist looking for exclusivity and tranquillity, Vistadome train leaves Vishakhapatnam at 6.50 AM, making way through 58 tunnels and passing over 84 bridges making way through the breathtaking landscape to reach Araku in approximately in 5 hours, go, catch that!",
            "visit": "Borra Caves , Katiki waterfalls , Tadimada Waterfalls , Matsyagundam , Bheemli Beach",
            "img1": "/photoset1/Araku.jpg",
            "img2": "",
            "img3": "",
            "img4": ""
        },
        {
            "id": 42,
            "name": "Hyderabad, Telangana",
            "category": "Telangana",
            "content": "A city of contrasts, Hyderabad exudes an old-world charm of its own with the Old City (Charminar side), Hitech City (Cyberabad) and the other areas lying between the old and the new. The capital and the largest city of Telanaga, Hyderabad is home to stately mosques and noisy bazaars lined parallelly alongside swanky new office buildings and malls, and it is these very contrasts – these glimpses into the city’s rich past with inherent promises of an even better future –that make Hyderabad a city worth visiting.",
            "visit": "Ramoji Film City , Hussain Sagar , Necklace Road , Golconda Fort , Charminar , Thrill City , Wonderla , Shilparamam",
            "img1": "/photoset1/Hyderabad.jpg",
            "img2": "",
            "img3": "",
            "img4": ""
        },
        {
            "id": 43,
            "name": "Warangal, Telangana",
            "category": "Telangana",
            "content": "Warangal takes you back to the era of kings and queens with its beautiful historical sites and an impressive natural beauty with Parkhal Lake being worth checking out. The Warangal city is credited as the fifth largest city in this state. The legends have it that it was known as Oruguallu or Omtikonda or Ekasilanagaram mainly due to the existence of a huge hillock which seemed to have been carved out entirely off one stone.",
            "visit": "Pakhal Lake , Thousand Pillar Temple , Ramappa Temple , Warangal fort , Eturnagaram Wildlife Sanctuary , Kakatiya Musical Garden",
            "img1": "/photoset1/Warangal.jpg",
            "img2": "",
            "img3": "",
            "img4": ""
        },
        {
            "id": 44,
            "name": "Pondicherry, Tamil Nadu",
            "category": "Tamil Nadu",
            "content": "Also known as Puducherry, this is an ideal place for explorers, beach lovers, and experience-seekers interested in French culture and architecture. With an extensive number of romantic places in Pondicherry, this Union Territory reeks of excitement and vibrancy. If you have had too much of Goa already or even if you haven't, its time you witness the charm of Pondy!",
            "visit": "Sri Aurobindo Ashram, Promendade Beach, Arulmigu Manakula, Basilica of the Sacred Heart, Paradise Beach, Auroville",
            "img1": "/photoset1/Pondicherry.jpg",
            "img2": "",
            "img3": "",
            "img4": ""
        },
        {
            "id": 45,
            "name": "Kanyakumari, Tamil Nadu",
            "category": "Tamil Nadu",
            "content": "Famous for being one of the most exotic places to visit in Tamil Nadu, Kanyakumari is a paradise for experience-seekers. The art, architecture of temples, and even the local cuisine along with so many places to see in Kanyakumari that reflects every bit of its culture will leave you fascinated! It is also a great destination to observe some of Tamilnadus most popular annual festivals",
            "visit": "Vivekananda Rock Memorial, Kanyakumari Beach, Sarvani Shaktipeeth Shri Bhagavathy Temple, Mahatma Gandhi Mandapam, Our Lady of Ransom Church",
            "img1": "/photoset1/Kanyakumari.jpg",
            "img2": "",
            "img3": "",
            "img4": ""
        },
        {
            "id": 46,
            "name": "Tuticorin, Tamil Nadu",
            "category": "Tamil Nadu",
            "content": "This is one place in South India that lets you witness the best of everything at one place. From boasting a beautiful beach, a spectacular wildlife sanctuary to numerous temples & churches, Tuticorin is one of the best tourist places in Tamil Nadu that makes sure that every moment of your holiday outshines the previous one.",
            "visit": "Baisilica of Our Lady of Snows, Hare Island, Muthu Nagar Beach, Thiruchendur Murugan Temple , Kalakkad Wildlife Sanctuary",
            "img1": "/photoset1/Tuticorin.jpg",
            "img2": "",
            "img3": "",
            "img4": ""
        },
        {
            "id": 47,
            "name": "North Goa, Goa",
            "category": "Goa",
            "content": "North Goa district is one of the two districts that constitute the state of Goa, India. The district has an area of 1,736 square kilometres (670 square miles), and is bounded by Kolhapur and Sindhudurg districts of Maharashtra state to the north and by Belgavi district of Karnataka to the east, by South Goa District to the south, and by the Arabian Sea to the west.",
            "visit": "Calangute Beach , Sinquerim Beach , Candolim Beach , Church Of Mae De Deus , Temple Of Bogdeshwara , Chapora Fort , Sinq Nightclub",
            "img1": "/photoset1/North Goa.jpg",
            "img2": "",
            "img3": "",
            "img4": ""
        },
        {
            "id": 48,
            "name": "South Goa, Goa",
            "category": "Goa",
            "content": "If the laziest person was to choose one destination in the country then, beaches amongst the places to see in South Goa would be their pick! With the smiling sun, clear water of the sea and the beautiful virgin sand, why would you go anywhere else? South Goa sightseeing is when people get to have a relaxing time and rejuvenate their senses.",
            "visit": "Butterfly Beach , Palolem Beach , Agonda Beach , Pequeno Island , Down The Road , St Xaviers Church",
            "img1": "/photoset1/South Goa.jpg",
            "img2": "",
            "img3": "",
            "img4": ""
        },
        {
            "id": 49,
            "name": "Thiruvananthapuram, Kerala",
            "category": "Kerala",
            "content": "Known for its temples, beaches, backwaters, and hills. According to Tripadvisor, some of the top places to visit in Thiruvananthapuram are Padmanabhaswamy Temple, Kovalam Beach, Poovar Island, Napier Museum and Sree Chitra Art Gallery.",
            "visit": "Padmanabhaswamy Temple, Kovalam Beach, Poovar Island, Napier Museum and Sree Chitra Art Gallery",
            "img1": "/photoset1/Thiruvananthapuram.jpg",
            "img2": "",
            "img3": "",
            "img4": ""
        },
        {
            "id": 50,
            "name": "Kozhikode, Kerala",
            "category": "Kerala",
            "content": "Formerly known as Calicut, Kozhikode is located in Kerala. It was the Capital of Malabar during the Zamorin rule 500 years ago and is famous for its centuries-old trade in cotton and spices with Jews, Arabs, Phoenicians and Chinese. Basking in the idyllic setting of the serene Arabian Sea on the west and the proud peaks of the Wayanad hills on the east, this district with the serene beaches, lush green countryside, historic sites, all combine to make Kozhikode a popular tourist destination.",
            "visit": "Backwaters , Kozhippara Falls , Thusharagiri Waterfalls , Beypore , Sweet Street , Kadalundi bird Santuary , Thikkotti light house",
            "img1": "/photoset1/Kozhikode.jpg",
            "img2": "",
            "img3": "",
            "img4": ""
        },
        {
            "id": 51,
            "name": "Munnar, Kerala",
            "category": "Kerala",
            "content": "Famous for the tea estates, greenery, winding roads, blanket of mist, and viewpoints, Munnar is a hill station in Kerala, located in the Idukki district. Lying in the Western Ghats at 1600 metres, it is one of the most sought after and visited travel destinations globally, especially popular amongst honeymooners.",
            "visit": "Tata Tea Museum , Echo Point , Eravikulam National Park , Pothamedu View Point , Atukkad Waterfalls , Trekking in Munnar",
            "img1": "/photoset1/Munnar.jpg",
            "img2": "",
            "img3": "",
            "img4": ""
        },
        {
            "id": 52,
            "name": "Coorg, Karnataka",
            "category": "Karnataka",
            "content": "Located amidst imposing mountains in Karnataka with a perpetually misty landscape, Coorg is a popular coffee producing hill station. It is popular for its beautiful green hills and the streams cutting right through them. It also stands as a popular destination because of its culture and people. The Kodavas, a local clan specializing in martial arts, are especially notable for their keen hospitality.",
            "visit": "Abbey Falls , Namdroling Monastery , Tadiandamol , Iruppu Falls , Barapole River , Honnamana Kere Lake , Brahmagiri trek",
            "img1": "/photoset1/Coorg.jpg",
            "img2": "",
            "img3": "",
            "img4": ""
        },
        {
            "id": 53,
            "name": "Mysore, Karnataka",
            "category": "Karnataka",
            "content": "Famously known as The City of Palaces, it wouldn’t be wrong to say that Mysore, currently Mysuru, is one of the most important places in the country regarding ancient reigns. It is replete with the history of its dazzling royal heritage, intricate architecture, its famed silk sarees, yoga, and sandalwood, to name just a few.",
            "visit": "Mysore Palace , Somanathapura temple , Chmundeshwari temple , Mysore Zoo , Brindavan Gardens",
            "img1": "/photoset1/Mysore.jpg",
            "img2": "",
            "img3": "",
            "img4": ""
        },
        {
            "id": 54,
            "name": "Hampi, Karnataka",
            "category": "Karnataka",
            "content": "Hampi, the city of ruins, is a UNESCO World Heritage Site. Situated in the shadowed depth of hills and valleys in the state of Karnataka, this place is a historical delight for travellers. Surrounded by 500 ancient monuments, beautiful temples, bustling street markets, bastions, treasury building and captivating remains of Vijayanagar Empire, Hampi is a backpackers delight.",
            "visit": "Pampapathi temple , Vithala Temple , Coracle ride , Hampi Bazaar , Lotus palace , Elephant Stables ",
            "img1": "/photoset1/Hampi.jpg",
            "img2": "",
            "img3": "",
            "img4": ""
        },
        {
            "id": 55,
            "name": "Rishikesh, Uttarakhand",
            "category": "Uttarakhand",
            "content": "Located in the foothills of the Himalayas along the convergence of Ganga and Chandrabhaga River, Rishikesh is a small town in the Dehradun district, located close to Haridwar in Uttarakhand. Rishikesh (also called as Hrishikesh) is known for its adventure activities, ancient temples, popular cafes and as the \"Yoga Capital of the World\". Gateway to Garhwal Himalayas, Rishikesh is also a pilgrimage town and one of the holiest places for Hindus.",
            "visit": "Rafting , Lakshman Jhula , Cliff jumping , Ganga Aarti , Bungee jumping , Rishikund",
            "img1": "/photoset1/Rishikesh.jpg",
            "img2": "",
            "img3": "",
            "img4": ""
        },
        {
            "id": 56,
            "name": "Nainital, Uttarakhand",
            "category": "Uttarakhand",
            "content": "Nainital is a charming hill station located at the foothills of the Kumaon ranges in Uttarakhand. Located close to Dehradun and Delhi, it is the most visited hill station in North India. Nainital is a perfect weekend getaway from Delhi and the nearby places.",
            "visit": "Naini lake , Tiffin top , Snow view point , Mall road , Eco cave gardens , High Altitude Zoo",
            "img1": "/photoset1/Nainital.jpg",
            "img2": "",
            "img3": "",
            "img4": ""
        },
        {
            "id": 57,
            "name": "Mussoorie, Uttarakhand",
            "category": "Uttarakhand",
            "content": "Mussoorie is one of the most popular hill stations located at a distance of 290 km from Delhi in the Dehradun district of Uttarakhand. With a backdrop of the Shivalik range of Himalayas and doon valley, Mussoorie, also known as Queen of The Hills, stands at an altitude of 7000 feet above sea level. With a cool and pleasant climate throughout the year, Mussoorie was once the British summer capital",
            "visit": "Kempty falls , Gun hill , Lal tibba , Lake mist , Dalai hills , Landour , Clouds End, Mossy falls",
            "img1": "/photoset1/Mussoorie.jpg",
            "img2": "",
            "img3": "",
            "img4": ""
        },
        {
            "id": 58,
            "name": "Guwahati, Assam",
            "category": "Assam",
            "content": "Famously regarded as the gateway to North-East India, Guwahati is the largest city in the state of Assam. It is also the largest metropolis in the entire North-Eastern region of India, making it the most preferred staging point to other destinations in the region. Sandwiched by the river Brahmaputra on one side and the Shillong Plateau on the other, this city was formerly known as Pragjyotishpura.",
            "visit": "Pobitora Wildlife Sanctuary , Cruise in Brahmaputra , Guwahati Planetarium , Regional Science Centre , Chandubi Lake , Kaziranga National Park",
            "img1": "/photoset1/Guwahati.jpg",
            "img2": "",
            "img3": "",
            "img4": ""
        },
        {
            "id": 59,
            "name": "Jamshedpur, Jharkhand",
            "category": "Jharkhand",
            "content": "The largest city in Jharkhand, Jamshedpur is an aesthetically planned township with an appealing infrastructure and landscape. Juxtaposed against the beautiful Dalma Hills, Jamshedpur is the world's eighth-largest steel manufacturing company, along with being India's first planned city.",
            "visit": "Dimna Lake , Jubilee Park, Hudco Lake , Dalma Wildlife Santuary , Russi Modi Centre",
            "img1": "/photoset1/Jamashedpur.jpg",
            "img2": "",
            "img3": "",
            "img4": ""
        },
        {
            "id": 60,
            "name": "Kohima, Nagaland",
            "category": "Nagaland",
            "content": "The capital of Nagaland deserves to be on the must-visit list of everyone. Kohima, originally Kewhira, is pure bliss for anyone who loves being amidst untouched nature. It is located at a height of 1500 meters above sea level. It is surrounded by breath-taking mountains and forests. One can also indulge in adventures like trekking, hiking, and camping in this region. This place is home to the Angami tribe.",
            "visit": "Kohima War Cemetery, Japfu Peak, Dzukou Valley, Kohima State Museum, Naga Heritage Village",
            "img1": "/photoset1/Kohima.jpg",
            "img2": "",
            "img3": "",
            "img4": ""
        },
        {
            "id": 61,
            "name": "Dimapur, Nagaland",
            "category": "Nagaland",
            "content": "One enters Nagaland through Dimapur, as the airport is situated here. This place, counted amongst the top Nagaland tourist spots, offers an equal amount of delight to both nature and history lovers. Watch out for Kachari ruins from the 10th century that stands in the backdrop of enthralling nature. There are plenty of locations you can visit in and around Dimapur to experience surreal nature or marvel at historically rich old ruins.",
            "visit": "Kachari ruins, Diezephe Craft Village, Rangapahar Reserve Forest, Dimapur Ao Baptist Church, Kuki Dolong Village",
            "img1": "/photoset1/Dimapur.jpg",
            "img2": "",
            "img3": "",
            "img4": ""
        },
        {
            "id": 62,
            "name": "Aizawl, Mizoram",
            "category": "Mizoram",
            "content": "Have you ever dreamt of a paradise on earth? Then, that dream is going to turn into reality at Aizawl. This is one of the oldest cities of Mizoram and attracts a lot of tourists because of the picturesque views it offers. The tranquil setup of this quaint town can leave your mind, body, and soul totally relaxed. This town has plenty of Mizoram tourist places for visitors.",
            "visit": "Hmuifang, Tamdil Lake, Chanmari, Handicraft museum",
            "img1": "/photoset1/Aizawl.jpg",
            "img2": "",
            "img3": "",
            "img4": ""
        },
        {
            "id": 63,
            "name": "Mamit, Mizoram",
            "category": "Mizoram",
            "content": "Mamit is one of the top tourist attractions in Mizoram. There are a lot of attractions in this place and most of the wildlife enthusiasts love to go to Mamit. The Dampa Wildlife Sanctuary is one of the best attractions to visit here and you can spot peacock, Malabar pied hornbill, crested serpent eagle, and emerald-dove. If you love to be in the wild, this is the best place to visit.",
            "visit": "Saitlaw, West Phaileng, Pukzing",
            "img1": "/photoset1/Mamit.jpg",
            "img2": "",
            "img3": "",
            "img4": ""
        },
        {
            "id": 64,
            "name": "Sikkim, Sikkim",
            "category": "Sikkim",
            "content": "Sikkim is one of the beauties in the northeastern part of India. It is nicely tucked away and beautifully landlocked with immense natural beauty; it has all the components which would soothe you from the tiredness of vigorous day-to-day activities",
            "visit": "Tsomgo Lake , Yuksom , Nathula Pass , Singalila National Park , Namchi , Ravangla",
            "img1": "/photoset1/Sikkim.jpg",
            "img2": "",
            "img3": "",
            "img4": ""
        }
    ]
}
